episode,run_episode,total_steps,reward,average_waiting_time,epsilon,average_loss,memory_size
1,1,12000,-3353.932000000004,2856.14072119613,0.05,1.6782886951729872,1137
2,2,12000,-417.19700000000034,286.57105492589363,0.05,0.7599199406198553,2284
3,3,12000,-354.1049999999997,230.021815008726,0.05,0.39415791177273735,3430
4,4,12000,-400.66399999999993,269.5755458515284,0.05,0.26612809629191736,4575
5,5,12000,-353.4039999999987,230.0819529206626,0.05,0.20520905488874655,5722
