episode,run_episode,total_steps,reward,average_waiting_time,epsilon,average_loss,memory_size
1,1,12000,-17425.85600000003,15127.273996509599,0.05,9.146784182308483,1146
2,2,12000,-911.3,689.506726457399,0.05,4.299698746044005,2261
3,3,12000,-602.7540000000001,418.08392857142854,0.05,2.2597831962896247,3381
4,4,12000,-590.3440000000003,406.02680965147454,0.05,1.6051654594087303,4500
5,5,12000,-561.4090000000001,384.05436720142603,0.05,1.2114979131097463,5622
6,6,12000,-386.31599999999986,178.9281767955801,0.05,1.0118394382778233,6708
7,7,12000,-366.04200000000003,165.32782369146005,0.05,0.8473933976489103,7797
