episode,run_episode,total_steps,reward,average_waiting_time,epsilon,average_loss,memory_size
1,1,12000,-5922.549999999999,5098.468941382327,0.05,2.4200648673706584,1143
2,2,12000,-637.8229999999995,460.9398762157383,0.05,1.150934178622606,2274
