episode,run_episode,total_steps,reward,average_waiting_time,epsilon,average_loss,memory_size
1,1,12000,-6216.169000000002,5355.353455818023,0.05,2.680691377984153,1143
2,2,12000,-666.4939999999999,491.18414096916297,0.05,1.2358472462267602,2278
3,3,12000,-581.6530000000004,416.43436123348016,0.05,0.6810208212567846,3413
4,4,12000,-547.0429999999994,382.1051236749117,0.05,0.49886911813920043,4545
5,5,12000,-517.2839999999997,353.2187776793623,0.05,0.3796223948096759,5674
