episode,run_episode,total_steps,reward,average_waiting_time,epsilon,average_loss,memory_size
1,1,12000,-7874.023,6746.992214532872,0.05,2.8912302202479854,1156
2,2,12000,-340.34000000000003,197.64601769911505,0.05,1.496679205150731,2286
3,3,12000,-353.33699999999993,219.78665496049166,0.05,0.8201461007215142,3425
4,4,12000,-348.3999999999997,212.5,0.05,0.5744221689815725,4561
5,5,12000,-366.1029999999995,226.0819383259912,0.05,0.45336349114184865,5696
